{"cameraMode":{"drawMode":0,"name":"Shaded","section":"Shading Mode"},"sceneLighting":false,"audioPlay":false,"sceneViewState":{"showFog":true,"showMaterialUpdate":false,"showSkybox":true,"showFlares":true,"showImageEffects":true,"showParticleSystems":true},"in2DMode":false,"pivot":{"x":14.778854370117188,"y":3.7207565307617189,"z":27.710227966308595},"rotation":{"x":0.0674719288945198,"y":-0.3937614858150482,"z":0.028994882479310037,"w":0.9162744283676148},"size":121.34061431884766,"orthographic":false}