{"cameraMode":{"drawMode":0,"name":"Shaded","section":"Shading Mode"},"sceneLighting":false,"audioPlay":false,"sceneViewState":{"showFog":true,"showMaterialUpdate":false,"showSkybox":true,"showFlares":true,"showImageEffects":true,"showParticleSystems":true},"in2DMode":false,"pivot":{"x":-1396.894775390625,"y":1546.14599609375,"z":471.2389831542969},"rotation":{"x":-0.3021538555622101,"y":-0.5613688230514526,"z":0.2307564616203308,"w":-0.7350642681121826},"size":412.5530090332031,"orthographic":false}