{"cameraMode":{"drawMode":0,"name":"Shaded","section":"Shading Mode"},"sceneLighting":false,"audioPlay":false,"sceneViewState":{"showFog":true,"showMaterialUpdate":false,"showSkybox":true,"showFlares":true,"showImageEffects":true,"showParticleSystems":true},"in2DMode":false,"pivot":{"x":19.084503173828126,"y":-2.4576778411865236,"z":-4.821791648864746},"rotation":{"x":-0.15394242107868195,"y":-0.6366167664527893,"z":0.13170763850212098,"w":-0.7440927624702454},"size":15.761252403259278,"orthographic":false}