{"cameraMode":{"drawMode":0,"name":"Shaded","section":"Shading Mode"},"sceneLighting":false,"audioPlay":false,"sceneViewState":{"showFog":true,"showMaterialUpdate":false,"showSkybox":true,"showFlares":true,"showImageEffects":true,"showParticleSystems":true},"in2DMode":false,"pivot":{"x":19.639156341552736,"y":-1.6355016231536866,"z":-6.860538005828857},"rotation":{"x":-0.13333213329315186,"y":-0.6752402782440186,"z":0.12602095305919648,"w":-0.7144171595573425},"size":22.78052520751953,"orthographic":false}