{"cameraMode":{"drawMode":0,"name":"Shaded","section":"Shading Mode"},"sceneLighting":false,"audioPlay":false,"sceneViewState":{"showFog":true,"showMaterialUpdate":false,"showSkybox":true,"showFlares":true,"showImageEffects":true,"showParticleSystems":true},"in2DMode":false,"pivot":{"x":-108.99510955810547,"y":1.528012990951538,"z":17.981266021728517},"rotation":{"x":0.12095274776220322,"y":-0.8790405988693237,"z":0.32818329334259035,"w":0.32396581768989565},"size":14.15282154083252,"orthographic":false}