{"cameraMode":{"drawMode":0,"name":"Shaded","section":"Shading Mode"},"sceneLighting":false,"audioPlay":false,"sceneViewState":{"showFog":true,"showMaterialUpdate":false,"showSkybox":true,"showFlares":true,"showImageEffects":true,"showParticleSystems":true},"in2DMode":false,"pivot":{"x":-20.215253829956056,"y":-28.743684768676759,"z":20.570798873901368},"rotation":{"x":-0.2560415267944336,"y":0.21131859719753266,"z":-0.05746883526444435,"w":-0.9415331482887268},"size":209.71243286132813,"orthographic":false}