{"cameraMode":{"drawMode":0,"name":"Shaded","section":"Shading Mode"},"sceneLighting":false,"audioPlay":false,"sceneViewState":{"showFog":true,"showMaterialUpdate":false,"showSkybox":true,"showFlares":true,"showImageEffects":true,"showParticleSystems":true},"in2DMode":false,"pivot":{"x":0.0,"y":0.6010169982910156,"z":0.9150673151016235},"rotation":{"x":0.02948184311389923,"y":0.3537910282611847,"z":-0.011156835593283177,"w":0.9347931742668152},"size":2.274648904800415,"orthographic":false}