{"cameraMode":{"drawMode":0,"name":"Shaded","section":"Shading Mode"},"sceneLighting":false,"audioPlay":false,"sceneViewState":{"showFog":true,"showMaterialUpdate":false,"showSkybox":true,"showFlares":true,"showImageEffects":true,"showParticleSystems":true},"in2DMode":false,"pivot":{"x":-450.4749450683594,"y":922.2378540039063,"z":483.4010009765625},"rotation":{"x":-0.17007330060005189,"y":-0.6826707124710083,"z":0.16815081238746644,"w":-0.6904789209365845},"size":1371.8223876953125,"orthographic":false}