{"cameraMode":{"drawMode":0,"name":"Shaded","section":"Shading Mode"},"sceneLighting":false,"audioPlay":false,"sceneViewState":{"showFog":true,"showMaterialUpdate":false,"showSkybox":true,"showFlares":true,"showImageEffects":true,"showParticleSystems":true},"in2DMode":false,"pivot":{"x":-1643.027099609375,"y":1542.4261474609375,"z":468.6057434082031},"rotation":{"x":0.04491012915968895,"y":-0.8897116780281067,"z":0.0897183045744896,"w":0.445361465215683},"size":1.584829330444336,"orthographic":false}