{"cameraMode":{"drawMode":0,"name":"Shaded","section":"Shading Mode"},"sceneLighting":false,"audioPlay":false,"sceneViewState":{"showFog":true,"showMaterialUpdate":false,"showSkybox":true,"showFlares":true,"showImageEffects":true,"showParticleSystems":true},"in2DMode":false,"pivot":{"x":-1647.176025390625,"y":1546.126708984375,"z":470.5850524902344},"rotation":{"x":-0.4730047881603241,"y":-0.4817132353782654,"z":0.3512282073497772,"w":-0.6487354040145874},"size":1.7253165245056153,"orthographic":false}