{"cameraMode":{"drawMode":0,"name":"Shaded","section":"Shading Mode"},"sceneLighting":false,"audioPlay":false,"sceneViewState":{"showFog":true,"showMaterialUpdate":false,"showSkybox":true,"showFlares":true,"showImageEffects":true,"showParticleSystems":true},"in2DMode":false,"pivot":{"x":-7.100006103515625,"y":19.100006103515626,"z":46.099998474121097},"rotation":{"x":0.5080276727676392,"y":0.19676075875759126,"z":-0.12045489996671677,"w":0.8298696875572205},"size":71.71467590332031,"orthographic":false}