{"cameraMode":{"drawMode":0,"name":"Shaded","section":"Shading Mode"},"sceneLighting":false,"audioPlay":false,"sceneViewState":{"showFog":true,"showMaterialUpdate":false,"showSkybox":true,"showFlares":true,"showImageEffects":true,"showParticleSystems":true},"in2DMode":false,"pivot":{"x":-13.260001182556153,"y":0.11999999731779099,"z":53.13600158691406},"rotation":{"x":0.4453451931476593,"y":-0.4792174696922302,"z":0.30919691920280459,"w":0.6902286410331726},"size":34.34028244018555,"orthographic":false}