{"cameraMode":{"drawMode":0,"name":"Shaded","section":"Shading Mode"},"sceneLighting":false,"audioPlay":false,"sceneViewState":{"showFog":true,"showMaterialUpdate":false,"showSkybox":true,"showFlares":true,"showImageEffects":true,"showParticleSystems":true},"in2DMode":false,"pivot":{"x":0.21611332893371583,"y":3.8127224445343019,"z":0.11485868692398071},"rotation":{"x":0.06335530430078507,"y":-0.6011919975280762,"z":0.04790155217051506,"w":0.7951475977897644},"size":3.0422511100769045,"orthographic":false}