{"cameraMode":{"drawMode":0,"name":"Shaded","section":"Shading Mode"},"sceneLighting":false,"audioPlay":false,"sceneViewState":{"showFog":true,"showMaterialUpdate":false,"showSkybox":true,"showFlares":true,"showImageEffects":true,"showParticleSystems":true},"in2DMode":false,"pivot":{"x":-9.514656066894532,"y":1.7331395149230958,"z":26.343528747558595},"rotation":{"x":-0.11856377869844437,"y":0.5832474231719971,"z":-0.08655469864606857,"w":-0.7989201545715332},"size":57.98725891113281,"orthographic":false}