{"cameraMode":{"drawMode":0,"name":"Shaded","section":"Shading Mode"},"sceneLighting":false,"audioPlay":false,"sceneViewState":{"showFog":true,"showMaterialUpdate":false,"showSkybox":true,"showFlares":true,"showImageEffects":true,"showParticleSystems":true},"in2DMode":false,"pivot":{"x":-1896.894775390625,"y":1546.14599609375,"z":471.2389831542969},"rotation":{"x":-0.4730047881603241,"y":-0.4817132353782654,"z":0.3512282073497772,"w":-0.6487354040145874},"size":412.5530090332031,"orthographic":false}