{"cameraMode":{"drawMode":0,"name":"Shaded","section":"Shading Mode"},"sceneLighting":false,"audioPlay":false,"sceneViewState":{"showFog":true,"showMaterialUpdate":false,"showSkybox":true,"showFlares":true,"showImageEffects":true,"showParticleSystems":true},"in2DMode":false,"pivot":{"x":84.7191162109375,"y":3.748206615447998,"z":-19.533306121826173},"rotation":{"x":-0.06619341671466828,"y":0.933749258518219,"z":-0.24342569708824159,"w":-0.2539188861846924},"size":116.58789825439453,"orthographic":false}