{"cameraMode":{"drawMode":0,"name":"Shaded","section":"Shading Mode"},"sceneLighting":false,"audioPlay":false,"sceneViewState":{"showFog":true,"showMaterialUpdate":false,"showSkybox":true,"showFlares":true,"showImageEffects":true,"showParticleSystems":true},"in2DMode":false,"pivot":{"x":2.0001957416534426,"y":-6.679023742675781,"z":5.895085334777832},"rotation":{"x":-0.13219651579856873,"y":-0.5547035336494446,"z":0.08980486541986466,"w":-0.8165556788444519},"size":1.319698452949524,"orthographic":false}