{"cameraMode":{"drawMode":0,"name":"Shaded","section":"Shading Mode"},"sceneLighting":false,"audioPlay":false,"sceneViewState":{"showFog":true,"showMaterialUpdate":false,"showSkybox":true,"showFlares":true,"showImageEffects":true,"showParticleSystems":true},"in2DMode":false,"pivot":{"x":909.6715698242188,"y":53.06891632080078,"z":459.6794128417969},"rotation":{"x":-0.02516920678317547,"y":-0.9415171146392822,"z":0.0722029060125351,"w":-0.32817500829696658},"size":17.639089584350587,"orthographic":false}