{"cameraMode":{"drawMode":0,"name":"Shaded","section":"Shading Mode"},"sceneLighting":false,"audioPlay":false,"sceneViewState":{"showFog":true,"showMaterialUpdate":false,"showSkybox":true,"showFlares":true,"showImageEffects":true,"showParticleSystems":true},"in2DMode":false,"pivot":{"x":-4.212595462799072,"y":21.06003189086914,"z":55.52536392211914},"rotation":{"x":0.5386781692504883,"y":0.41894108057022097,"z":-0.35238882899284365,"w":0.6404189467430115},"size":41.267417907714847,"orthographic":false}