{"cameraMode":{"drawMode":0,"name":"Shaded","section":"Shading Mode"},"sceneLighting":false,"audioPlay":false,"sceneViewState":{"showFog":true,"showMaterialUpdate":false,"showSkybox":true,"showFlares":true,"showImageEffects":true,"showParticleSystems":true},"in2DMode":false,"pivot":{"x":-10.796509742736817,"y":15.712577819824219,"z":46.90953063964844},"rotation":{"x":0.14825277030467988,"y":0.018097294494509698,"z":-0.0027153650298714639,"w":0.9887802004814148},"size":38.629730224609378,"orthographic":false}