{"cameraMode":{"drawMode":0,"name":"Shaded","section":"Shading Mode"},"sceneLighting":false,"audioPlay":false,"sceneViewState":{"showFog":true,"showMaterialUpdate":false,"showSkybox":true,"showFlares":true,"showImageEffects":true,"showParticleSystems":true},"in2DMode":false,"pivot":{"x":-2.5669875144958498,"y":1.6114163398742676,"z":9.084330558776856},"rotation":{"x":0.0012679265346378089,"y":-0.9047148823738098,"z":-0.0027004501316696407,"w":-0.4260072410106659},"size":2.8578836917877199,"orthographic":false}