{"cameraMode":{"drawMode":0,"name":"Shaded","section":"Shading Mode"},"sceneLighting":false,"audioPlay":false,"sceneViewState":{"showFog":true,"showMaterialUpdate":false,"showSkybox":true,"showFlares":true,"showImageEffects":true,"showParticleSystems":true},"in2DMode":false,"pivot":{"x":-142.2172088623047,"y":98.40306854248047,"z":95.9061279296875},"rotation":{"x":0.1326473504304886,"y":-0.08433032035827637,"z":0.011328715831041336,"w":0.9875043034553528},"size":0.3258116841316223,"orthographic":false}