{"cameraMode":{"drawMode":0,"name":"Shaded","section":"Shading Mode"},"sceneLighting":false,"audioPlay":false,"sceneViewState":{"showFog":true,"showMaterialUpdate":false,"showSkybox":true,"showFlares":true,"showImageEffects":true,"showParticleSystems":true},"in2DMode":false,"pivot":{"x":1.7942057847976685,"y":-0.531379222869873,"z":4.947792053222656},"rotation":{"x":-0.18436525762081147,"y":-0.07777201384305954,"z":0.014632625505328179,"w":-0.9796667098999023},"size":13.57481575012207,"orthographic":false}