{"cameraMode":{"drawMode":0,"name":"Shaded","section":"Shading Mode"},"sceneLighting":false,"audioPlay":false,"sceneViewState":{"showFog":true,"showMaterialUpdate":false,"showSkybox":true,"showFlares":true,"showImageEffects":true,"showParticleSystems":true},"in2DMode":false,"pivot":{"x":253.89999389648438,"y":0.0,"z":93.69999694824219},"rotation":{"x":0.36132773756980898,"y":-0.07094889134168625,"z":0.0275829266756773,"w":0.9293265342712402},"size":165.1401824951172,"orthographic":false}