{"cameraMode":{"drawMode":0,"name":"Shaded","section":"Shading Mode"},"sceneLighting":false,"audioPlay":false,"sceneViewState":{"showFog":true,"showMaterialUpdate":false,"showSkybox":true,"showFlares":true,"showImageEffects":true,"showParticleSystems":true},"in2DMode":false,"pivot":{"x":6.045607089996338,"y":1.2839550971984864,"z":21.993972778320314},"rotation":{"x":-0.04925861582159996,"y":0.6675765514373779,"z":-0.044338926672935489,"w":-0.7415856122970581},"size":-8.88620376586914,"orthographic":false}