{"cameraMode":{"drawMode":0,"name":"Shaded","section":"Shading Mode"},"sceneLighting":false,"audioPlay":false,"sceneViewState":{"showFog":true,"showMaterialUpdate":false,"showSkybox":true,"showFlares":true,"showImageEffects":true,"showParticleSystems":true},"in2DMode":false,"pivot":{"x":10.056110382080079,"y":0.5084667205810547,"z":-4.1045002937316898},"rotation":{"x":-0.13333213329315186,"y":-0.6752402782440186,"z":0.12602095305919648,"w":-0.7144171595573425},"size":1.3584156036376954,"orthographic":false}