{"cameraMode":{"drawMode":0,"name":"Shaded","section":"Shading Mode"},"sceneLighting":false,"audioPlay":false,"sceneViewState":{"showFog":true,"showMaterialUpdate":false,"showSkybox":true,"showFlares":true,"showImageEffects":true,"showParticleSystems":true},"in2DMode":false,"pivot":{"x":24.056774139404298,"y":12.473249435424805,"z":39.49225997924805},"rotation":{"x":0.004440453834831715,"y":0.9885526895523071,"z":0.14786146581172944,"w":-0.029678896069526674},"size":9.202951431274414,"orthographic":false}