{"cameraMode":{"drawMode":0,"name":"Shaded","section":"Shading Mode"},"sceneLighting":false,"audioPlay":false,"sceneViewState":{"showFog":true,"showMaterialUpdate":false,"showSkybox":true,"showFlares":true,"showImageEffects":true,"showParticleSystems":true},"in2DMode":false,"pivot":{"x":0.0910370945930481,"y":2.775681495666504,"z":-1.8007102012634278},"rotation":{"x":-0.0035134705249220134,"y":0.9964608550071716,"z":-0.06286928802728653,"w":-0.05568647384643555},"size":3.114572525024414,"orthographic":false}