{"cameraMode":{"drawMode":0,"name":"Shaded","section":"Shading Mode"},"sceneLighting":false,"audioPlay":false,"sceneViewState":{"showFog":true,"showMaterialUpdate":false,"showSkybox":true,"showFlares":true,"showImageEffects":true,"showParticleSystems":true},"in2DMode":false,"pivot":{"x":-1640.006591796875,"y":1540.6451416015625,"z":465.7049255371094},"rotation":{"x":0.0375979021191597,"y":-0.8198010325431824,"z":0.05418557673692703,"w":0.5688379406929016},"size":10.39654541015625,"orthographic":false}