{"cameraMode":{"drawMode":0,"name":"Shaded","section":"Shading Mode"},"sceneLighting":false,"audioPlay":false,"sceneViewState":{"showFog":true,"showMaterialUpdate":false,"showSkybox":true,"showFlares":true,"showImageEffects":true,"showParticleSystems":true},"in2DMode":false,"pivot":{"x":-1643.12890625,"y":1542.65380859375,"z":466.01800537109377},"rotation":{"x":0.5080276727676392,"y":0.19676075875759126,"z":-0.12045489996671677,"w":0.8298696875572205},"size":14.030447006225586,"orthographic":false}