{"cameraMode":{"drawMode":0,"name":"Shaded","section":"Shading Mode"},"sceneLighting":false,"audioPlay":false,"sceneViewState":{"showFog":true,"showMaterialUpdate":false,"showSkybox":true,"showFlares":true,"showImageEffects":true,"showParticleSystems":true},"in2DMode":false,"pivot":{"x":-142.93862915039063,"y":3.617696523666382,"z":94.28343200683594},"rotation":{"x":0.19313138723373414,"y":0.144259974360466,"z":-0.028717149049043657,"w":0.9700849056243897},"size":4.039621829986572,"orthographic":false}