{"cameraMode":{"drawMode":0,"name":"Shaded","section":"Shading Mode"},"sceneLighting":false,"audioPlay":false,"sceneViewState":{"showFog":true,"showMaterialUpdate":false,"showSkybox":true,"showFlares":true,"showImageEffects":true,"showParticleSystems":true},"in2DMode":false,"pivot":{"x":-1644.1776123046875,"y":1480.977783203125,"z":477.9297180175781},"rotation":{"x":0.41640377044677737,"y":-0.5354987978935242,"z":0.34323957562446597,"w":0.6496425867080689},"size":101.1420669555664,"orthographic":false}