{"cameraMode":{"drawMode":0,"name":"Shaded","section":"Shading Mode"},"sceneLighting":false,"audioPlay":false,"sceneViewState":{"showFog":true,"showMaterialUpdate":false,"showSkybox":true,"showFlares":true,"showImageEffects":true,"showParticleSystems":true},"in2DMode":false,"pivot":{"x":1835.4422607421875,"y":1023.1826782226563,"z":-46.58372497558594},"rotation":{"x":0.9567818641662598,"y":-0.04318863898515701,"z":0.19944357872009278,"w":0.20718450844287873},"size":286.0851745605469,"orthographic":false}