{"cameraMode":{"drawMode":0,"name":"Shaded","section":"Shading Mode"},"sceneLighting":false,"audioPlay":false,"sceneViewState":{"showFog":true,"showMaterialUpdate":false,"showSkybox":true,"showFlares":true,"showImageEffects":true,"showParticleSystems":true},"in2DMode":false,"pivot":{"x":24.648000717163087,"y":0.23000000417232514,"z":48.974998474121097},"rotation":{"x":0.11103165149688721,"y":-0.6453177332878113,"z":0.09556951373815537,"w":0.7497355937957764},"size":6.162590503692627,"orthographic":false}