{"cameraMode":{"drawMode":0,"name":"Shaded","section":"Shading Mode"},"sceneLighting":false,"audioPlay":false,"sceneViewState":{"showFog":true,"showMaterialUpdate":false,"showSkybox":true,"showFlares":true,"showImageEffects":true,"showParticleSystems":true},"in2DMode":false,"pivot":{"x":-10.650328636169434,"y":3.842548370361328,"z":24.89431381225586},"rotation":{"x":-0.11856377869844437,"y":0.5832474231719971,"z":-0.08655469864606857,"w":-0.7989201545715332},"size":34.53766632080078,"orthographic":false}