{"cameraMode":{"drawMode":0,"name":"Shaded","section":"Shading Mode"},"sceneLighting":false,"audioPlay":false,"sceneViewState":{"showFog":true,"showMaterialUpdate":false,"showSkybox":true,"showFlares":true,"showImageEffects":true,"showParticleSystems":true},"in2DMode":false,"pivot":{"x":-23.56999969482422,"y":2.0,"z":44.56528854370117},"rotation":{"x":-0.2800182104110718,"y":-0.008054950274527073,"z":0.0023523394484072925,"w":-0.959958016872406},"size":14.360908508300782,"orthographic":false}