{"cameraMode":{"drawMode":0,"name":"Shaded","section":"Shading Mode"},"sceneLighting":false,"audioPlay":false,"sceneViewState":{"showFog":true,"showMaterialUpdate":false,"showSkybox":true,"showFlares":true,"showImageEffects":true,"showParticleSystems":true},"in2DMode":false,"pivot":{"x":-1596.030517578125,"y":1446.9520263671875,"z":478.4529724121094},"rotation":{"x":-0.1925249993801117,"y":-0.6633355021476746,"z":0.18251630663871766,"w":-0.6997199654579163},"size":212.4137725830078,"orthographic":false}