{"cameraMode":{"drawMode":0,"name":"Shaded","section":"Shading Mode"},"sceneLighting":false,"audioPlay":false,"sceneViewState":{"showFog":true,"showMaterialUpdate":false,"showSkybox":true,"showFlares":true,"showImageEffects":true,"showParticleSystems":true},"in2DMode":false,"pivot":{"x":-1.892066478729248,"y":2.9007551670074465,"z":0.3712592124938965},"rotation":{"x":0.033952005207538608,"y":0.47812485694885256,"z":0.018503913655877115,"w":-0.8774403929710388},"size":5.096175670623779,"orthographic":false}