{"cameraMode":{"drawMode":0,"name":"Shaded","section":"Shading Mode"},"sceneLighting":false,"audioPlay":false,"sceneViewState":{"showFog":true,"showMaterialUpdate":false,"showSkybox":true,"showFlares":true,"showImageEffects":true,"showParticleSystems":true},"in2DMode":false,"pivot":{"x":-41.556915283203128,"y":31.705718994140626,"z":-12.947784423828125},"rotation":{"x":-0.04969887435436249,"y":0.8103163242340088,"z":-0.06947030872106552,"w":-0.5797339677810669},"size":242.9972686767578,"orthographic":false}