{"cameraMode":{"drawMode":0,"name":"Shaded","section":"Shading Mode"},"sceneLighting":false,"audioPlay":false,"sceneViewState":{"showFog":true,"showMaterialUpdate":false,"showSkybox":true,"showFlares":true,"showImageEffects":true,"showParticleSystems":true},"in2DMode":false,"pivot":{"x":0.019101634621620179,"y":0.4905100166797638,"z":0.0},"rotation":{"x":0.02948184311389923,"y":0.3537910282611847,"z":-0.011156835593283177,"w":0.9347931742668152},"size":1.9252299070358277,"orthographic":false}