{"cameraMode":{"drawMode":0,"name":"Shaded","section":"Shading Mode"},"sceneLighting":false,"audioPlay":false,"sceneViewState":{"showFog":true,"showMaterialUpdate":false,"showSkybox":true,"showFlares":true,"showImageEffects":true,"showParticleSystems":true},"in2DMode":false,"pivot":{"x":-1435.15478515625,"y":1428.882080078125,"z":553.7098388671875},"rotation":{"x":0.142197847366333,"y":0.6058538556098938,"z":-0.11118850111961365,"w":0.7748277187347412},"size":353.9167175292969,"orthographic":false}