{"cameraMode":{"drawMode":0,"name":"Shaded","section":"Shading Mode"},"sceneLighting":true,"audioPlay":false,"sceneViewState":{"showFog":true,"showMaterialUpdate":false,"showSkybox":true,"showFlares":true,"showImageEffects":true,"showParticleSystems":true},"in2DMode":false,"pivot":{"x":58.65385437011719,"y":-0.27193790674209597,"z":-101.91061401367188},"rotation":{"x":-0.0030498970299959184,"y":0.9926509857177734,"z":-0.11823288351297379,"w":-0.025607408955693246},"size":13.75703239440918,"orthographic":false}