{"cameraMode":{"drawMode":0,"name":"Shaded","section":"Shading Mode"},"sceneLighting":false,"audioPlay":false,"sceneViewState":{"showFog":true,"showMaterialUpdate":false,"showSkybox":true,"showFlares":true,"showImageEffects":true,"showParticleSystems":true},"in2DMode":false,"pivot":{"x":-9.108989715576172,"y":4.415931224822998,"z":-3.04470157623291},"rotation":{"x":-0.12971103191375733,"y":-0.7717887759208679,"z":0.16693055629730225,"w":-0.5997094511985779},"size":9.240413665771485,"orthographic":false}