{"cameraMode":{"drawMode":0,"name":"Shaded","section":"Shading Mode"},"sceneLighting":false,"audioPlay":false,"sceneViewState":{"showFog":true,"showMaterialUpdate":false,"showSkybox":true,"showFlares":true,"showImageEffects":true,"showParticleSystems":true},"in2DMode":false,"pivot":{"x":-1646.894775390625,"y":1546.14599609375,"z":471.2389831542969},"rotation":{"x":0.49762779474258425,"y":-0.3847469985485077,"z":0.2615297734737396,"w":0.7320781946182251},"size":94.1146011352539,"orthographic":false}