{"cameraMode":{"drawMode":0,"name":"Shaded","section":"Shading Mode"},"sceneLighting":false,"audioPlay":false,"sceneViewState":{"showFog":true,"showMaterialUpdate":false,"showSkybox":true,"showFlares":true,"showImageEffects":true,"showParticleSystems":true},"in2DMode":false,"pivot":{"x":-8.574699401855469,"y":3.429044008255005,"z":-2.988084554672241},"rotation":{"x":-0.12971103191375733,"y":-0.7717887759208679,"z":0.16693055629730225,"w":-0.5997094511985779},"size":23.667598724365236,"orthographic":false}