{"cameraMode":{"drawMode":0,"name":"Shaded","section":"Shading Mode"},"sceneLighting":true,"audioPlay":false,"sceneViewState":{"showFog":true,"showMaterialUpdate":false,"showSkybox":true,"showFlares":true,"showImageEffects":true,"showParticleSystems":true},"in2DMode":false,"pivot":{"x":20.523590087890626,"y":-492.27557373046877,"z":540.6546630859375},"rotation":{"x":-0.42624667286872866,"y":-0.08636593073606491,"z":0.04092112556099892,"w":-0.8995444178581238},"size":2627.556640625,"orthographic":false}