{"cameraMode":{"drawMode":0,"name":"Shaded","section":"Shading Mode"},"sceneLighting":false,"audioPlay":false,"sceneViewState":{"showFog":true,"showMaterialUpdate":false,"showSkybox":true,"showFlares":true,"showImageEffects":true,"showParticleSystems":true},"in2DMode":false,"pivot":{"x":514.7799072265625,"y":458.76605224609377,"z":142.9407501220703},"rotation":{"x":-0.4599340856075287,"y":-0.1268116980791092,"z":0.0665586069226265,"w":-0.8763272166252136},"size":12.507233619689942,"orthographic":false}