{"cameraMode":{"drawMode":0,"name":"Shaded","section":"Shading Mode"},"sceneLighting":false,"audioPlay":false,"sceneViewState":{"showFog":true,"showMaterialUpdate":false,"showSkybox":true,"showFlares":true,"showImageEffects":true,"showParticleSystems":true},"in2DMode":false,"pivot":{"x":-92.23423767089844,"y":6.423573970794678,"z":123.7611083984375},"rotation":{"x":0.19313138723373414,"y":0.144259974360466,"z":-0.028717149049043657,"w":0.9700849056243897},"size":2.271702527999878,"orthographic":false}