{"cameraMode":{"drawMode":0,"name":"Shaded","section":"Shading Mode"},"sceneLighting":false,"audioPlay":false,"sceneViewState":{"showFog":true,"showMaterialUpdate":false,"showSkybox":true,"showFlares":true,"showImageEffects":true,"showParticleSystems":true},"in2DMode":false,"pivot":{"x":-1948.127685546875,"y":755.4829711914063,"z":314.83935546875},"rotation":{"x":0.31394097208976748,"y":-0.6796361207962036,"z":0.40878307819366457,"w":0.5219504237174988},"size":920.8079223632813,"orthographic":false}