{"cameraMode":{"drawMode":0,"name":"Shaded","section":"Shading Mode"},"sceneLighting":false,"audioPlay":false,"sceneViewState":{"showFog":true,"showMaterialUpdate":false,"showSkybox":true,"showFlares":true,"showImageEffects":true,"showParticleSystems":true},"in2DMode":false,"pivot":{"x":8.091177940368653,"y":2.0287909507751467,"z":13.6140775680542},"rotation":{"x":-0.3460331857204437,"y":-0.4454372823238373,"z":0.19192343950271607,"w":-0.8031264543533325},"size":44.603492736816409,"orthographic":false}