{"cameraMode":{"drawMode":0,"name":"Shaded","section":"Shading Mode"},"sceneLighting":false,"audioPlay":false,"sceneViewState":{"showFog":true,"showMaterialUpdate":false,"showSkybox":true,"showFlares":true,"showImageEffects":true,"showParticleSystems":true},"in2DMode":false,"pivot":{"x":-142.92286682128907,"y":3.5,"z":95.19908905029297},"rotation":{"x":-0.29976463317871096,"y":0.02029956690967083,"z":-0.006383455824106932,"w":-0.9537758827209473},"size":1.690091609954834,"orthographic":false}