{"cameraMode":{"drawMode":0,"name":"Shaded","section":"Shading Mode"},"sceneLighting":false,"audioPlay":false,"sceneViewState":{"showFog":true,"showMaterialUpdate":false,"showSkybox":true,"showFlares":true,"showImageEffects":true,"showParticleSystems":true},"in2DMode":false,"pivot":{"x":0.1183200478553772,"y":3.032090187072754,"z":-0.730586051940918},"rotation":{"x":0.0010350783122703434,"y":0.9963719844818115,"z":-0.012279673479497433,"w":0.08420904725790024},"size":2.5378341674804689,"orthographic":false}