{"cameraMode":{"drawMode":0,"name":"Shaded","section":"Shading Mode"},"sceneLighting":false,"audioPlay":false,"sceneViewState":{"showFog":true,"showMaterialUpdate":false,"showSkybox":true,"showFlares":true,"showImageEffects":true,"showParticleSystems":true},"in2DMode":false,"pivot":{"x":1.729750633239746,"y":-6.715628623962402,"z":6.681518077850342},"rotation":{"x":-0.13219651579856873,"y":-0.5547035336494446,"z":0.08980486541986466,"w":-0.8165556788444519},"size":1.4954181909561158,"orthographic":false}