{"cameraMode":{"drawMode":0,"name":"Shaded","section":"Shading Mode"},"sceneLighting":false,"audioPlay":false,"sceneViewState":{"showFog":true,"showMaterialUpdate":false,"showSkybox":true,"showFlares":true,"showImageEffects":true,"showParticleSystems":true},"in2DMode":false,"pivot":{"x":-131.48919677734376,"y":-163.4144744873047,"z":-349.8428955078125},"rotation":{"x":-0.031803250312805179,"y":0.965560793876648,"z":-0.21523994207382203,"w":-0.14266304671764375},"size":437.8681335449219,"orthographic":false}