{"cameraMode":{"drawMode":0,"name":"Shaded","section":"Shading Mode"},"sceneLighting":false,"audioPlay":false,"sceneViewState":{"showFog":true,"showMaterialUpdate":false,"showSkybox":true,"showFlares":true,"showImageEffects":true,"showParticleSystems":true},"in2DMode":false,"pivot":{"x":-142.7883758544922,"y":4.0,"z":94.77101135253906},"rotation":{"x":-0.16868840157985688,"y":-0.014507899060845375,"z":0.002479755086824298,"w":-0.9855595827102661},"size":2.406546115875244,"orthographic":false}