{"cameraMode":{"drawMode":0,"name":"Shaded","section":"Shading Mode"},"sceneLighting":false,"audioPlay":false,"sceneViewState":{"showFog":true,"showMaterialUpdate":false,"showSkybox":true,"showFlares":true,"showImageEffects":true,"showParticleSystems":true},"in2DMode":false,"pivot":{"x":-3.1137967109680177,"y":-7.162837982177734,"z":5.980787754058838},"rotation":{"x":-0.07214808464050293,"y":0.7681266665458679,"z":-0.08794980496168137,"w":-0.6301118731498718},"size":4.218593120574951,"orthographic":false}