{"cameraMode":{"drawMode":0,"name":"Shaded","section":"Shading Mode"},"sceneLighting":false,"audioPlay":false,"sceneViewState":{"showFog":true,"showMaterialUpdate":false,"showSkybox":true,"showFlares":true,"showImageEffects":true,"showParticleSystems":true},"in2DMode":false,"pivot":{"x":-1617.811767578125,"y":1492.8765869140625,"z":484.1257629394531},"rotation":{"x":0.49762779474258425,"y":-0.3847469985485077,"z":0.2615297734737396,"w":0.7320781946182251},"size":78.90418243408203,"orthographic":false}