{"cameraMode":{"drawMode":0,"name":"Shaded","section":"Shading Mode"},"sceneLighting":false,"audioPlay":false,"sceneViewState":{"showFog":true,"showMaterialUpdate":false,"showSkybox":true,"showFlares":true,"showImageEffects":true,"showParticleSystems":true},"in2DMode":false,"pivot":{"x":-1896.45166015625,"y":1484.8603515625,"z":439.5841369628906},"rotation":{"x":-0.13300271332263947,"y":0.7718276381492615,"z":-0.17178796231746674,"w":-0.5975629091262817},"size":152.9493865966797,"orthographic":false}