{"cameraMode":{"drawMode":0,"name":"Shaded","section":"Shading Mode"},"sceneLighting":false,"audioPlay":false,"sceneViewState":{"showFog":true,"showMaterialUpdate":false,"showSkybox":true,"showFlares":true,"showImageEffects":true,"showParticleSystems":true},"in2DMode":false,"pivot":{"x":7.8983354568481449,"y":2.0287909507751467,"z":21.75868797302246},"rotation":{"x":-0.3460331857204437,"y":-0.4454372823238373,"z":0.19192343950271607,"w":-0.8031264543533325},"size":14.360909461975098,"orthographic":false}